{"cameraMode":{"drawMode":0,"name":"Shaded","section":"Shading Mode"},"sceneLighting":true,"audioPlay":false,"sceneViewState":{"m_AlwaysRefresh":false,"showFog":true,"showSkybox":true,"showFlares":true,"showImageEffects":true,"showParticleSystems":true,"showVisualEffectGraphs":true,"m_FxEnabled":true},"in2DMode":false,"pivot":{"x":0.28658682107925417,"y":-0.11338460445404053,"z":2.6748085021972658},"rotation":{"x":0.1071937307715416,"y":0.01373480074107647,"z":-0.0015920617152005435,"w":0.9942743182182312},"size":2.1031761169433595,"orthographic":false}